{
    "response": {
        "tutorials": [
                      {
                      "tutorial": {
                      "page": "1",
                      "sections": [
                                   {
                                   "content": "<p><b>Set reminders for only those medications you have been directed to take at this time.</b></p><p> The Medication List in this app may reflect some medications you no longer take. Review the list carefully and set reminders for those medications you are taking with the advice of your doctor or pharmacist.</p>",
                                   "order": "1"
                                   },
                                   {
                                   "content": "<p><b>If you have questions about what medication you should be taking, please contact your doctor or pharmacist.</b></p><p>If you have been discharged from the hospital in the last week, please review your discharge instructions to confirm the medications you should be taking now.</p>",
                                   "order": "2"
                                   },
                                   {
                                   "content": "<p><b>Non-Prescription medications may not be included in the Medication List.</b></p><p> You may add them if you wish. Information you enter into this app will not be visible to your doctor or appear in your medical record.<p>",
                                   "order": "3"
                                   }
                                   ]
                      }
                      }
                      ]
    },
    "warning": {
        "sections": [
                     {
                     "content": "<p>Set reminders only for those medications that your doctor has directed you to take at this time.</p>", 
                     "order": "1"
                     }, 
                     {
                     "content": "<p>If you have recently been in the hospital, review and follow your discharge instructions when setting up reminders in this app</p>", 
                     "order": "2"
                     }
                     ]
    }
}